{"labels": ["layer_4-node_256-input_2000-output_1000-bs_1024", "layer_4-node_128-input_2000-output_1000-bs_512", "layer_4-node_256-input_2000-output_1000-bs_64", "layer_4-node_128-input_2000-output_1000-bs_64", "layer_4-node_512-input_2000-output_1000-bs_128", "layer_4-node_128-input_2000-output_1000-bs_256", "layer_4-node_512-input_2000-output_1000-bs_512", "layer_4-node_256-input_2000-output_1000-bs_512", "layer_4-node_1024-input_2000-output_1000-bs_256", "layer_4-node_512-input_2000-output_1000-bs_64", "layer_4-node_1024-input_2000-output_1000-bs_1024", "layer_4-node_512-input_2000-output_1000-bs_1024", "layer_4-node_256-input_2000-output_1000-bs_128", "layer_4-node_1024-input_2000-output_1000-bs_512", "layer_4-node_1024-input_2000-output_1000-bs_64", "layer_4-node_512-input_2000-output_1000-bs_256", "layer_4-node_256-input_2000-output_1000-bs_256", "layer_4-node_128-input_2000-output_1000-bs_1024", "layer_4-node_1024-input_2000-output_1000-bs_128", "layer_4-node_128-input_2000-output_1000-bs_128"], "intensity": [1535.1410505836575, 765.5341569767442, 96.3111016536965, 96.11191860465117, 192.74809160305344, 383.02446705426354, 769.0839694656489, 767.5705252918287, 384.2857142857143, 96.6469465648855, 1535.2380952380954, 1538.1679389312978, 192.12062256809338, 767.6190476190477, 96.19047619047619, 385.4961832061069, 383.7548638132296, 1530.5535368217054, 192.38095238095238, 191.73934108527132], "flops": [45.758252, 25.051676049, 16.97789137, 6.4974954, 36.059929, 17.24589958, 52.615277, 33.161229000000006, 50.6687862, 25.9038945, 57.37269200000001, 53.30618020000001, 25.9921376, 60.314753200000006, 35.680068, 40.054984, 28.768732608, 28.0595513, 44.545444, 11.33086072], "params": [328960.0, 82560.0, 328960.0, 82560.0, 1310000.0, 82560.0, 1310000.0, 328960.0, 5250000.0, 1310000.0, 5250000.0, 1310000.0, 328960.0, 5250000.0, 5250000.0, 1310000.0, 328960.0, 82560.0, 5250000.0, 82560.0], "step_per_sec": [22.6526, 99.0929, 133.969, 204.71, 35.7029, 136.342, 13.0559, 32.8329, 6.27866, 51.15, 1.77955, 6.61367, 102.817, 3.74161, 17.6634, 19.8292, 56.9723, 55.514, 11.0261, 178.946], "fl": [2.02, 0.25281, 0.12673, 0.03174, 1.01, 0.12649, 4.03, 1.01, 8.07, 0.50643, 32.24, 8.06, 0.2528, 16.12, 2.02, 2.02, 0.50496, 0.50545, 4.04, 0.06332], "example_per_sec": [23196.2624, 50735.5648, 8574.016, 13101.44, 4569.9712, 34903.552, 6684.6208, 16810.4448, 1607.33696, 3273.6, 1822.2592, 6772.39808, 13160.576, 1915.70432, 1130.4576, 5076.2752, 14584.9088, 56846.336, 1411.3408, 22905.088], "err_jobs": [], "states": []}